User ID,Username,Email,Address Contact Name,Address City,Address Phone
1,JosephTrevino,todd.barry@example.com,Jennifer Smith,South Joseph,001-387-459-2381
2,EricWhite,nancy.smith@example.com,John Chavez,Lake Jessica,+1-998-751-1498x73861
3,PatriciaDavis,wesley.lawson@example.com,Sherry Hayes,Josebury,522.592.6587x4871
4,NatashaRodriguez,anthony.daugherty@example.com,Thomas Valdez,East Staceyville,(688)804-0496
5,EdwinJuarez,scott.reed@example.com,Amy Summers,North Kirkbury,(427)717-5448x97426
6,EvanRodriguez,michael.white@example.com,Andrew Parsons,East Kimberly,6554334690
7,CrystalWhite,dana.jones@example.com,Travis Robertson Jr.,Robinland,467-874-9248
8,RogerButler,mark.wright@example.com,Matthew Good,Jonathonbury,518-495-2366x855
9,GeorgeGamble,stephanie.kemp@example.com,Nathaniel Cross,New Jennifer,(271)357-7635x676
10,MichellePowell,allison.stewart@example.com,Heather Grant,South Michael,001-906-250-2953x49481
11,admin,admin@163.com,Richard Palmer,New Jeffreyshire,551.578.7889x1734
12,op,op@163.com,N/A,N/A,N/A
13,editor,editor@163.com,N/A,N/A,N/A
14,TinaBurton,alan.nelson@example.com,Ernest Riley,Martinezville,(498)754-5680x20922
15,ScottCole,allen.farmer@example.com,Dr. Shannon Robinson PhD,Anthonyside,+1-329-634-0873x690
16,ShelleyRodriguez,latoya.hernandez@example.com,Elizabeth Cole,South Rebeccaborough,001-597-527-5056x3980
17,KimberlyChen,paul.morgan@example.com,Felicia Matthews,Thomasburgh,771.730.2310x75987
18,JackStewart,karen.padilla@example.com,Charles Miller,Lake Matthewtown,909-532-1064x59881
19,AllisonCollier,brian.trujillo@example.com,Kimberly Love,Lake Danielburgh,001-999-342-6439x818
20,SamanthaBentley,stephen.berg@example.com,Noah Mcdaniel,New Tonyabury,001-320-203-8089x671
21,BrandiRios,billy.luna@example.com,Christopher Shaffer,South Laurenland,(235)559-9656x906
22,VictoriaGutierrez,joshua.jones@example.com,James Deleon,West Erin,(207)618-4321
23,VanessaJohnson,douglas.cook@example.com,Jack Reyes,Eduardotown,916.212.9570
24,KimberlyRichardson,andrea.key@example.com,Nicholas Hoffman,Schmidtville,595.797.9464x2811
25,PamelaMendoza,robert.glover@example.com,Charles Williams,Chadmouth,(814)628-6825x3492
26,TimothyFrye,melissa.ball@example.com,Ricky Brown,Crawfordstad,290.752.8754
27,JacobWallace,debra.williams@example.com,Antonio Dominguez,Clarkehaven,745-377-2521x371
28,MarcPatterson,alexandra.brown@example.com,Mrs. Debra Miller,Janicemouth,583.312.5211
29,ColleenClements,bryan.cross@example.com,Amy Hudson,West Henryborough,285-984-5721x9032
30,AshleyMcbride,gary.soto@example.com,Nicole Edwards,Michaelstad,934.538.0813x3818
31,JenniferHarrison,tara.spencer@example.com,Melvin Martinez,Lichester,379.323.8363
32,DonaldDawson,antonio.donaldson@example.com,Melanie Butler,Rhodesville,967-346-7377
33,CalebWright,brandi.garrett@example.com,Jason Ramos,North Jessica,+1-958-262-3840x5882
